{"stats":{"minecraft:used":{"minecraft:dirt":2,"alexsmobs:animal_dictionary":1,"luminousworld:groundpebbles_1":1},"minecraft:picked_up":{"luminousworld:groundpebbles_1":1,"minecraft:stick":4,"minecraft:apple":1,"minecraft:oak_sapling":1,"minecraft:dirt":2},"minecraft:mined":{"minecraft:grass_block":2,"luminousworld:groundpebbles_3":1},"minecraft:custom":{"minecraft:time_since_rest":6232,"minecraft:crouch_one_cm":656,"minecraft:play_time":6232,"minecraft:sprint_one_cm":10285,"minecraft:walk_one_cm":23301,"minecraft:sneak_time":65,"minecraft:walk_under_water_one_cm":26,"minecraft:jump":48,"minecraft:leave_game":1,"minecraft:time_since_death":6232,"minecraft:walk_on_water_one_cm":786,"minecraft:total_world_time":6232,"minecraft:swim_one_cm":3005,"minecraft:fall_one_cm":685,"minecraft:fly_one_cm":4810}},"DataVersion":3465}